<?xml version="1.0" encoding="UTF-8"?><ns5:wsProcessingResult xmlns="http://zakupki.gov.ru/oos/wsIncoming/types/1" xmlns:ns5="http://zakupki.gov.ru/oos/wsIncoming/soap/messages" xmlns:ns0="http://zakupki.gov.ru/oos/TPtypes/1" xmlns:ns2="http://zakupki.gov.ru/oos/common/1" xmlns:ns1="http://zakupki.gov.ru/oos/base/1" xmlns:ns4="http://zakupki.gov.ru/oos/SMTypes/1" xmlns:ns3="http://zakupki.gov.ru/oos/types/1"><index><packetUid>8e0335a1-74fa-415a-8953-3b4801791f82</packetUid><sender>OOC</sender><senderType>OOS</senderType><receiver>VSRZ_EAIST</receiver><receiverType>VSRZ</receiverType><createDateTime>2024-02-27T13:41:43Z</createDateTime><objectType>CT</objectType><regNumber>2500302149523000102</regNumber><mode>PROD</mode><signature type="CAdES-BES"></signature></index><data schemeVersion="14.0"><ns4:refPacketUid>219423b7-b2c1-4888-8aef-c4545a2e011f</ns4:refPacketUid><ns4:violations><ns4:violation><ns2:errCode>UE</ns2:errCode><ns2:level>warning</ns2:level><ns2:name>UE</ns2:name><ns2:description>APK_3168_0868. Количество выполненной работы, оказанной услуги  «35.12.10.110» не должно превышать количество этой работы, услуги в действующей размещенной информации о контракте</ns2:description></ns4:violation><ns4:violation><ns2:errCode>UE</ns2:errCode><ns2:level>error</ns2:level><ns2:name>UE</ns2:name><ns2:description>APK_4050_1092. Для объектов закупки 35.12.10.110 объем выполненной работы и/или оказанной услуги по всем документам о приемке с учетом текущей поставки превышает объем работы/услуги, указанный в информации о контракте (его изменении). &lt;a target=&quot;_blank&quot; href=&quot;https://zakupki.gov.ru/epz/main/public/qa/question.html?questionId=2356&quot;>[Прочитать пояснения по контролю]&lt;/a></ns2:description></ns4:violation><ns4:violation><ns2:errCode>UE</ns2:errCode><ns2:level>warning</ns2:level><ns2:name>UE</ns2:name><ns2:description>APK_0000_0642. В блоке «Документ о результатах проведенной экспертизы поставленного товара, выполненной работы, оказанной услуги» не прикреплен ни один документ</ns2:description></ns4:violation></ns4:violations></data></ns5:wsProcessingResult>